task,A_real,shuffle_mean,shuffle_std,z_score,p_ge,n_perm
cube_raw_1F,0.7440476190476191,0.34571428571428575,0.050505336580328124,7.886955325993742,0.0196078431372549,50
cube_raw_6F,0.7857142857142857,0.3814285714285714,0.1271299171192165,3.180098936952746,0.0196078431372549,50
cube_volume,1.0,0.3435714285714285,0.11496925688702402,5.709600889858874,0.0196078431372549,50
