beta,family,mode_index,eigenvalue,feature_label,feature_strength,f_eff,entropy_norm,anisotropy_ratio,eig1,eig2,eig3,boundary_ratio
0.0,axis,2,9.901353678398939,y,0.9176128327993065,0.5341027566098112,0.9472508478921429,0.2875366547724967,0.17086022090132175,0.08328101206164781,0.04912857635165587,138.27470141030028
0.0,pair,6,19.802707356797946,yz,0.9378428269649285,0.3795188848877735,0.9219734470353116,0.3563965360358525,0.16870283903354855,0.1257585471447314,0.0601251074509707,179.48851206712442
0.0,xyz,8,29.704061035196933,xyz,0.9763942254912727,0.2962962962962963,0.9006700390392632,0.9999999999999963,0.1353010593146256,0.1353010593146254,0.1353010593146251,216.0000000000001
1.0,axis,2,16.967775221758487,x,0.799496844341359,0.5025727433062109,0.934542493467895,0.19406197338075887,0.17291617797436165,0.06945878306108684,0.033556454727163135,103.90698756853547
1.0,pair,5,28.811544075396135,yz,0.9326602852753254,0.44654252120041293,0.9284479169448933,0.3975853214704824,0.14491769429828755,0.12732747981964743,0.05761714807434575,140.90650306593633
1.0,xyz,8,40.655312929033904,xyz,0.9524971502317969,0.3519750424783849,0.9090880320287753,0.9999999999999982,0.12793107620731675,0.12793107620731653,0.12793107620731653,173.5424071256822
5.0,axis,3,33.29321872382046,x,0.8316593479163963,0.510194348785333,0.930348699276231,0.3157621308959127,0.1223339459039306,0.05366283664236745,0.03862842743953044,42.6845192265378
5.0,pair,7,50.903618272258576,xz,0.8102263868613637,0.4528621792232313,0.9209823525373372,0.32311847676507915,0.12919140061480028,0.0973205916637711,0.041744128577801375,60.99285166812957
5.0,xyz,11,68.51401782069662,xyz,0.8417423561067914,0.44131158967108053,0.9171928423792125,0.9999999999999991,0.10729567724230575,0.10729567724230571,0.10729567724230565,79.6093685594189
