beta,family,mode_index,eigenvalue,f_eff,entropy_norm,anisotropy_ratio,eig1,eig2,eig3,boundary_ratio,note
0.0,primitive_q,18,6.750997698987167,0.256405908269051,0.9082924915503371,0.4261819255723728,1.608238872077902,1.0068707973805409,0.6854023392825012,0.3444369248035974,distinct_mode
0.0,fcc_face,20,6.875955543766773,0.24294543535796043,0.9122839491787235,0.472540255131753,1.721270531445507,0.8133696160800337,0.813369616080028,0.3588241823490298,distinct_mode
1.0,primitive_q,17,8.418059237247148,0.3010388910442097,0.9080730098627086,0.28735381992752435,1.6356863199618736,0.4700207122443028,0.4700207122442392,0.2000679160699404,same_underlying_mode_as_other_family
1.0,fcc_face,17,8.418059237247148,0.3010388910442097,0.9080730098627086,0.28735381992752435,1.6356863199618736,0.4700207122443028,0.4700207122442392,0.2000679160699404,same_underlying_mode_as_other_family
5.0,primitive_q,17,12.92864674411462,0.2982589364573595,0.8854224990520606,0.2782441386387069,1.3125424012003368,0.3652072298488186,0.36520722984876774,0.052617848549098546,same_underlying_mode_as_other_family
5.0,fcc_face,17,12.92864674411462,0.2982589364573595,0.8854224990520606,0.2782441386387069,1.3125424012003368,0.3652072298488186,0.36520722984876774,0.052617848549098546,same_underlying_mode_as_other_family
